{
  "args": {
    "data_dir": "outputs\\acdc_preprocessed_2d_spacing\\unet2d\\ACDC_training_slices",
    "run_dir": "runs\\unet2d_modified_dice_50ep",
    "weights": null,
    "epochs": 50,
    "batch_size": 4,
    "num_workers": 2,
    "num_classes": 4,
    "in_channels": 1,
    "base_channels": 64,
    "learning_rate": 0.01,
    "beta1": 0.9,
    "beta2": 0.999,
    "weight_decay": 0.0,
    "loss": "dice",
    "background_class_weight": 0.1,
    "foreground_class_weight": 0.3,
    "lr_scheduler": "reduce_on_plateau",
    "lr_factor": 0.5,
    "lr_patience": 10,
    "min_learning_rate": 1e-06,
    "val_fraction": 0.2,
    "seed": 42,
    "max_train_samples": null,
    "max_val_samples": null
  },
  "device": "cuda",
  "train_patients": [
    1,
    2,
    3,
    4,
    7,
    8,
    9,
    10,
    11,
    12,
    13,
    14,
    16,
    17,
    18,
    19,
    21,
    22,
    23,
    25,
    26,
    27,
    28,
    30,
    31,
    33,
    34,
    36,
    37,
    38,
    39,
    40,
    42,
    44,
    45,
    46,
    47,
    48,
    49,
    51,
    52,
    53,
    54,
    55,
    56,
    57,
    58,
    59,
    62,
    63,
    64,
    65,
    66,
    67,
    68,
    70,
    72,
    73,
    74,
    76,
    77,
    78,
    79,
    80,
    81,
    82,
    83,
    84,
    85,
    86,
    87,
    88,
    89,
    91,
    95,
    96,
    97,
    98,
    99,
    100
  ],
  "val_patients": [
    5,
    6,
    15,
    20,
    24,
    29,
    32,
    35,
    41,
    43,
    50,
    60,
    61,
    69,
    71,
    75,
    90,
    92,
    93,
    94
  ],
  "train_diagnosis_counts": {
    "DCM": 16,
    "HCM": 16,
    "MINF": 16,
    "NOR": 16,
    "RV": 16
  },
  "val_diagnosis_counts": {
    "DCM": 4,
    "HCM": 4,
    "MINF": 4,
    "NOR": 4,
    "RV": 4
  },
  "num_train_files": 1504,
  "num_val_files": 398,
  "spacing_metadata": {
    "missing_spacing_files": 0,
    "spacing_zyx_min": [
      5.0,
      1.3700000047683716,
      1.3700000047683716
    ],
    "spacing_zyx_max": [
      10.0,
      1.3700000047683716,
      1.3700000047683716
    ],
    "spacing_zyx_mean": [
      8.998948097229004,
      1.3700215816497803,
      1.3700215816497803
    ]
  },
  "training_started_at_unix": 1783871162.8111804
}